scheme_name,cagr_5yr,sharpe_ratio,max_drawdown,score
Mirae Asset Large Cap Fund - Regular - Growth,26.3149802906119,1.0682238272314664,-11.26572907502827,31.142247967426794
Kotak Flexicap Fund - Regular - Growth,26.287126056316467,0.9655606517440116,-12.97396816518679,28.56258561348243
Mirae Asset Tax Saver Fund - Regular - Growth,27.41707694597304,0.9190465356358288,-16.396742946932633,27.170446301623304
ICICI Pru Midcap Fund - Regular - Growth,28.89388246767115,0.883255618469882,-18.188513572116292,26.655499531598327
HDFC Mid-Cap Opportunities Fund - Regular - Growth,26.41284418136891,0.8082678003905606,-16.21720857464485,24.506615526102212
